{
  "dependencies": {
    "mssql2": {
      "serviceConnectorResourceId": "/subscriptions/[parameters('subscriptionId')]/resourcegroups/[parameters('resourceGroupName')]/providers/Microsoft.Web/sites/CheckMateDemo/providers/Microsoft.ServiceLinker/linkers/DefaultConnection_2012F8BA82",
      "secretStore": "AzureAppSettings",
      "resourceId": "/subscriptions/[parameters('subscriptionId')]/resourceGroups/[parameters('resourceGroupName')]/providers/Microsoft.Sql/servers/checkmatedbserver/databases/CheckMate_db",
      "type": "mssql.azure",
      "connectionId": "DefaultConnection"
    }
  }
}